filename,hdbscan_cluster
258_a.jpg,0
259_a.jpg,-1
260_a.jpg,0
261_a.jpg,0
267_a.jpg,0
268_a.jpg,0
269_a.jpg,30
270_a.jpg,6
2810_a.jpg,-1
2876_a.jpg,33
3010_a.jpg,36
303_a.jpg,30
309_a.jpg,30
310_a.jpg,30
2221_a.jpg,4
2225_a.jpg,33
2231_a.jpg,33
2234_a.jpg,-1
2243_a.jpg,9
2247_a.jpg,33
2261_a.jpg,21
2264_a.jpg,1
2266_a.jpg,1
2267_a.jpg,1
2268_a.jpg,1
2269_a.jpg,1
2273_a.jpg,13
2275_a.jpg,6
2276_a.jpg,-1
2277_a.jpg,30
2279_a.jpg,30
2280_a.jpg,20
2282_a.jpg,-1
2284_a.jpg,31
2285_a.jpg,21
2288_a.jpg,10
2310_a.jpg,-1
2338_a.jpg,7
2354_a.jpg,10
2357_a.jpg,-1
2369_a.jpg,28
2370_a.jpg,-1
2371_a.jpg,-1
2374_a.jpg,31
2378_a.jpg,4
2393_a.jpg,28
2395_a.jpg,28
2397_a.jpg,16
2398_a.jpg,13
2400_a.jpg,-1
2401_a.jpg,-1
2402_a.jpg,33
2404_a.jpg,35
2406_a.jpg,36
2407_a.jpg,13
2409_a.jpg,33
2412_a.jpg,29
2416_a.jpg,13
2417_a.jpg,-1
2420_a.jpg,33
2422_a.jpg,33
2423_a.jpg,33
2426_a.jpg,29
2432_a.jpg,33
2433_a.jpg,33
2434_a.jpg,33
2435_a.jpg,13
2436_a.jpg,33
2437_a.jpg,29
2439_a.jpg,33
2441_a.jpg,16
2442_a.jpg,16
2443_a.jpg,33
2445_a.jpg,20
2451_a.jpg,33
2454_a.jpg,29
2457_a.jpg,29
2458_a.jpg,16
2461_a.jpg,-1
2462_a.jpg,-1
2463_a.jpg,33
2464_a.jpg,29
2465_a.jpg,20
2466_a.jpg,16
2468_a.jpg,16
2471_a.jpg,33
2472_a.jpg,33
2473_a.jpg,33
2477_a.jpg,10
2490_a.jpg,-1
2491_a.jpg,-1
2492_a.jpg,33
2494_a.jpg,29
2495_a.jpg,34
2496_a.jpg,36
2499_a.jpg,-1
2507_a.jpg,-1
2508_a.jpg,33
2521_a.jpg,30
2637_a.jpg,21
2732_a.jpg,21
2759_a.jpg,34
2761_a.jpg,-1
2763_a.jpg,13
2765_a.jpg,9
2766_a.jpg,21
2768_a.jpg,34
2769_a.jpg,13
2771_a.jpg,21
2772_a.jpg,38
2773_a.jpg,9
2774_a.jpg,32
2775_a.jpg,21
2778_a.jpg,13
2780_a.jpg,34
2781_a.jpg,13
2784_a.jpg,34
2786_a.jpg,38
2793_a.jpg,9
2796_a.jpg,37
2797_a.jpg,34
2798_a.jpg,21
2799_a.jpg,21
2800_a.jpg,9
2806_a.jpg,21
2808_a.jpg,-1
2810_a.jpg,-1
2814_a.jpg,34
2816_a.jpg,34
2817_a.jpg,35
2818_a.jpg,34
2819_a.jpg,9
2820_a.jpg,34
2823_a.jpg,1
2825_a.jpg,12
2826_a.jpg,12
2829_a.jpg,1
2831_a.jpg,1
2836_a.jpg,1
2840_a.jpg,8
2842_a.jpg,12
2844_a.jpg,1
2847_a.jpg,8
2849_a.jpg,1
2854_a.jpg,8
2855_a.jpg,1
2858_a.jpg,1
2861_a.jpg,35
2863_a.jpg,38
2864_a.jpg,20
2869_a.jpg,24
2876_a.jpg,1
2879_a.jpg,1
2882_a.jpg,1
2883_a.jpg,-1
2884_a.jpg,1
2885_a.jpg,1
2903_a.jpg,12
2908_a.jpg,8
2922_a.jpg,32
2926_a.jpg,32
2928_a.jpg,32
2930_a.jpg,34
2933_a.jpg,-1
2934_a.jpg,-1
2935_a.jpg,32
2939_a.jpg,37
2941_a.jpg,34
2945_a.jpg,34
2946_a.jpg,35
2948_a.jpg,-1
2949_a.jpg,34
2950_a.jpg,29
2953_a.jpg,34
2959_a.jpg,21
2966_a.jpg,7
2967_a.jpg,5
2968_a.jpg,-1
2973_a.jpg,23
2975_a.jpg,-1
2977_a.jpg,23
2978_a.jpg,23
2979_a.jpg,23
2980_a.jpg,23
2981_a.jpg,22
2982_a.jpg,22
2983_a.jpg,-1
2984_a.jpg,13
2985_a.jpg,23
2986_a.jpg,23
2987_a.jpg,23
2988_a.jpg,14
2989_a.jpg,25
2990_a.jpg,-1
2991_a.jpg,24
2992_a.jpg,25
2993_a.jpg,25
2994_a.jpg,14
2995_a.jpg,25
2996_a.jpg,25
2997_a.jpg,-1
2998_a.jpg,24
2999_a.jpg,14
3000_a.jpg,14
3001_a.jpg,25
3003_a.jpg,14
3004_a.jpg,22
3006_a.jpg,25
3007_a.jpg,14
3008_a.jpg,25
3009_a.jpg,-1
3010_a.jpg,25
3011_a.jpg,25
3012_a.jpg,14
3013_a.jpg,-1
3014_a.jpg,15
3015_a.jpg,-1
3016_a.jpg,15
3019_a.jpg,15
3134_a.jpg,4
3136_a.jpg,-1
3140_a.jpg,20
3143_a.jpg,6
3156_a.jpg,4
3165_a.jpg,21
3166_a.jpg,10
3191_a.jpg,-1
3360_a.jpg,20
3420_a.jpg,34
3422_a.jpg,35
3424_a.jpg,9
3428_a.jpg,34
3429_a.jpg,-1
3431_a.jpg,21
3434_a.jpg,-1
3435_a.jpg,21
3443_a.jpg,37
3449_a.jpg,34
3461_a.jpg,13
3579_a.jpg,5
3580_a.jpg,19
3582_a.jpg,2
3583_a.jpg,4
3584_a.jpg,4
3585_a.jpg,2
3586_a.jpg,2
3587_a.jpg,4
3588_a.jpg,2
3589_a.jpg,4
3590_a.jpg,-1
3591_a.jpg,-1
3592_a.jpg,4
3593_a.jpg,4
3595_a.jpg,4
3596_a.jpg,4
3597_a.jpg,4
3598_a.jpg,4
3599_a.jpg,4
3600_a.jpg,-1
3601_a.jpg,4
3602_a.jpg,2
3603_a.jpg,4
3604_a.jpg,4
3605_a.jpg,4
3606_a.jpg,2
3607_a.jpg,2
3608_a.jpg,2
3609_a.jpg,4
3610_a.jpg,4
3611_a.jpg,4
3612_a.jpg,4
3613_a.jpg,5
3614_a.jpg,4
3615_a.jpg,2
3616_a.jpg,4
3617_a.jpg,4
3618_a.jpg,5
3619_a.jpg,4
3620_a.jpg,4
3621_a.jpg,4
3622_a.jpg,4
3623_a.jpg,4
3624_a.jpg,4
3626_a.jpg,4
3627_a.jpg,19
3628_a.jpg,26
3629_a.jpg,5
3630_a.jpg,5
3631_a.jpg,11
3632_a.jpg,5
3633_a.jpg,-1
3634_a.jpg,5
3635_a.jpg,18
3636_a.jpg,11
3637_a.jpg,11
3639_a.jpg,4
3640_a.jpg,11
3641_a.jpg,5
3642_a.jpg,5
3643_a.jpg,18
3644_a.jpg,4
3645_a.jpg,5
3646_a.jpg,5
3647_a.jpg,5
3648_a.jpg,5
3649_a.jpg,5
3651_a.jpg,4
3652_a.jpg,-1
3653_a.jpg,19
3654_a.jpg,4
3655_a.jpg,4
3656_a.jpg,4
3657_a.jpg,4
3658_a.jpg,4
3659_a.jpg,4
3660_a.jpg,4
3661_a.jpg,4
3662_a.jpg,4
3663_a.jpg,4
3664_a.jpg,4
3665_a.jpg,4
3666_a.jpg,4
3667_a.jpg,4
3668_a.jpg,4
3669_a.jpg,-1
3670_a.jpg,4
3672_a.jpg,4
3673_a.jpg,4
3674_a.jpg,4
3675_a.jpg,4
3676_a.jpg,4
3677_a.jpg,4
3678_a.jpg,4
3679_a.jpg,11
3680_a.jpg,4
3681_a.jpg,4
3682_a.jpg,3
3683_a.jpg,4
3684_a.jpg,4
3685_a.jpg,4
3686_a.jpg,2
3687_a.jpg,4
3688_a.jpg,4
3689_a.jpg,4
3690_a.jpg,4
3691_a.jpg,4
3692_a.jpg,4
3693_a.jpg,4
3694_a.jpg,4
3695_a.jpg,4
3696_a.jpg,4
3697_a.jpg,4
3698_a.jpg,4
3699_a.jpg,4
3700_a.jpg,4
3701_a.jpg,4
3702_a.jpg,4
3703_a.jpg,4
3704_a.jpg,4
3705_a.jpg,4
3706_a.jpg,4
3707_a.jpg,4
3708_a.jpg,4
3709_a.jpg,4
3710_a.jpg,4
3711_a.jpg,4
3712_a.jpg,4
3713_a.jpg,17
3714_a.jpg,27
3715_a.jpg,11
3716_a.jpg,4
3717_a.jpg,4
3718_a.jpg,27
3719_a.jpg,26
3720_a.jpg,4
3721_a.jpg,4
3722_a.jpg,4
3723_a.jpg,4
3724_a.jpg,4
3725_a.jpg,4
3726_a.jpg,4
3727_a.jpg,4
3728_a.jpg,4
3729_a.jpg,4
3730_a.jpg,4
3731_a.jpg,4
3732_a.jpg,4
3733_a.jpg,4
3734_a.jpg,4
3735_a.jpg,4
3736_a.jpg,4
3737_a.jpg,4
3738_a.jpg,4
3739_a.jpg,4
3740_a.jpg,4
3741_a.jpg,4
3742_a.jpg,4
3743_a.jpg,4
3744_a.jpg,4
3745_a.jpg,4
3746_a.jpg,4
3747_a.jpg,4
3748_a.jpg,4
3749_a.jpg,4
3750_a.jpg,27
3751_a.jpg,4
3752_a.jpg,4
3753_a.jpg,4
3754_a.jpg,3
3755_a.jpg,4
3756_a.jpg,4
3757_a.jpg,4
3758_a.jpg,4
3759_a.jpg,4
3760_a.jpg,4
3761_a.jpg,4
3762_a.jpg,4
3763_a.jpg,4
3764_a.jpg,4
3765_a.jpg,2
3766_a.jpg,4
3767_a.jpg,2
3768_a.jpg,2
3769_a.jpg,4
3770_a.jpg,4
3771_a.jpg,4
3772_a.jpg,4
3773_a.jpg,17
3774_a.jpg,4
3775_a.jpg,4
3776_a.jpg,4
3777_a.jpg,27
3778_a.jpg,4
3779_a.jpg,17
3780_a.jpg,4
3781_a.jpg,4
3782_a.jpg,4
3783_a.jpg,4
3784_a.jpg,4
3785_a.jpg,4
3786_a.jpg,4
3787_a.jpg,4
3788_a.jpg,4
3789_a.jpg,4
3790_a.jpg,4
3791_a.jpg,4
3792_a.jpg,4
3793_a.jpg,4
3794_a.jpg,3
3795_a.jpg,4
3796_a.jpg,4
3797_a.jpg,4
3798_a.jpg,4
3799_a.jpg,4
3800_a.jpg,4
3801_a.jpg,4
3802_a.jpg,4
3803_a.jpg,11
3804_a.jpg,4
3805_a.jpg,4
3806_a.jpg,4
3807_a.jpg,19
3808_a.jpg,4
3809_a.jpg,4
3810_a.jpg,4
3811_a.jpg,4
3812_a.jpg,4
3813_a.jpg,4
3814_a.jpg,4
3815_a.jpg,4
3816_a.jpg,4
3817_a.jpg,4
3818_a.jpg,4
3819_a.jpg,4
3820_a.jpg,4
3821_a.jpg,4
3822_a.jpg,4
3823_a.jpg,4
3824_a.jpg,4
3825_a.jpg,4
3826_a.jpg,4
3828_a.jpg,-1
3829_a.jpg,4
3830_a.jpg,4
3831_a.jpg,3
3832_a.jpg,4
3833_a.jpg,4
3834_a.jpg,4
3835_a.jpg,4
3836_a.jpg,4
3837_a.jpg,4
3838_a.jpg,4
3839_a.jpg,4
3840_a.jpg,4
3841_a.jpg,4
3842_a.jpg,4
3843_a.jpg,4
3844_a.jpg,4
3845_a.jpg,4
3846_a.jpg,4
3847_a.jpg,4
3848_a.jpg,4
3849_a.jpg,4
3850_a.jpg,4
3851_a.jpg,4
3852_a.jpg,4
3853_a.jpg,4
3854_a.jpg,4
3855_a.jpg,4
3856_a.jpg,4
3857_a.jpg,4
3858_a.jpg,4
3859_a.jpg,4
3860_a.jpg,4
3861_a.jpg,4
3862_a.jpg,4
3863_a.jpg,4
3864_a.jpg,4
3865_a.jpg,4
3866_a.jpg,4
3867_a.jpg,4
3868_a.jpg,4
3869_a.jpg,4
3870_a.jpg,11
3871_a.jpg,-1
3872_a.jpg,11
3873_a.jpg,27
3874_a.jpg,-1
3875_a.jpg,4
3876_a.jpg,4
3877_a.jpg,4
3878_a.jpg,2
3879_a.jpg,4
